city,lat,long,temp,humidity,cloudiness,windspeed,country,date
kapaa,22.0752,-159.319,70.79,73,40,20.71,US,1621176648
panguna,-6.3164,155.4848,68.63,94,100,2.8,PG,1621176653
saskylakh,71.9167,114.0833,17.87,93,100,16.71,RU,1621176658
bredasdorp,-34.5322,20.0403,60.8,63,51,10.36,ZA,1621176663
ostrovnoy,68.0531,39.5131,34.97,86,100,10,RU,1621176669
luzhany,48.3649,25.7717,66.33,67,100,13.4,UA,1621176674
bur gabo,,,,,,,,
necochea,-38.5473,-58.7368,60.01,77,98,1.99,AR,1621176684
puerto ayora,-0.7393,-90.3518,76.37,88,75,11.5,EC,1621176689
albany,42.6001,-73.9662,71.33,27,93,3.56,US,1621176695
arraial do cabo,-22.9661,-42.0278,77,69,20,6.91,BR,1621176564
qaanaaq,77.484,-69.3632,32.83,78,99,8.03,GL,1621176705
talara,-4.5772,-81.2719,69.8,83,75,12.66,PE,1621176710
port alfred,-33.5906,26.891,63.18,60,22,22.39,ZA,1621176422
louisbourg,,,,,,,,
namibe,-15.1961,12.1522,87.8,45,0,13.8,AO,1621176726
vaitupu,,,,,,,,
gizo,-8.103,156.8419,82.94,76,98,5.53,SB,1621176736
avera,33.194,-82.5271,71.73,43,1,6.91,US,1621176741
khatanga,71.9667,102.5,10.4,96,34,5.12,RU,1621176746
butaritari,3.0707,172.7902,82.45,79,100,15.9,KI,1621176752
busselton,-33.65,115.3333,63.46,66,100,3,AU,1621176757
pacific grove,36.6177,-121.9166,51.19,87,94,6.17,US,1621176762
makasar,-5.14,119.4221,77,100,20,2.3,ID,1621176767
qinhuangdao,39.9317,119.5883,60.21,38,100,5.5,CN,1621176773
rikitea,-23.1203,-134.9692,74.44,66,87,13.78,PF,1621176778
saint-philippe,-21.3585,55.7679,74.73,73,0,3.44,RE,1621176783
tarsus,36.9188,34.8784,76.06,60,40,10.36,TR,1621176789
souillac,-20.5167,57.5167,78.01,70,10,7,MU,1621176794
chokurdakh,70.6333,147.9167,17.51,95,94,7.14,RU,1621176799
isangel,-19.55,169.2667,75.97,86,10,5.99,VU,1621176804
puerto colombia,10.9878,-74.9547,86,74,75,2.3,CO,1621176810
samusu,,,,,,,,
hihifo,,,,,,,,
port hardy,50.6996,-127.4199,49.3,93,90,2.3,CA,1621176825
airai,-8.9266,125.4092,55.98,83,54,3.11,TL,1621176830
birjand,32.8663,59.2211,82.4,6,0,4.61,IR,1621176835
faya,18.3851,42.4509,81.5,21,20,9.22,SA,1621176841
hambantota,6.1241,81.1185,86,84,20,4.61,LK,1621176846
provideniya,64.3833,-173.3,31.95,89,30,1.45,RU,1621176851
praia da vitoria,38.7333,-27.0667,68.16,78,20,11.14,PT,1621176856
thompson,55.7435,-97.8558,46.4,93,90,10.36,CA,1621176862
iqaluit,63.7506,-68.5145,24.39,86,90,9.22,CA,1621176867
vaini,-21.2,-175.2,75.2,88,40,6.91,TO,1621176872
wladyslawowo,54.7909,18.4009,58.32,77,40,6.91,PL,1621176878
taolanaro,,,,,,,,
marshall,34.3834,-86.3333,69.19,46,1,4.61,US,1621176802
lerwick,60.1545,-1.1494,50,81,75,8.05,GB,1621176893
puerto escondido,15.85,-97.0667,80.6,83,75,5.75,MX,1621176898
hobart,-42.8794,147.3294,42.98,65,40,9.22,AU,1621176903
praia,14.9215,-23.5087,78.8,57,0,20.71,CV,1621176909
haines junction,60.7522,-137.5108,32,74,100,3.44,CA,1621176914
mataura,-46.1927,168.8643,42.01,81,93,5.99,NZ,1621176920
tiksi,71.6872,128.8694,22.68,99,47,2.08,RU,1621176925
gasa,31.5,34.4667,83.23,33,14,5.01,PS,1621176931
punta arenas,-53.15,-70.9167,44.29,93,90,11.5,CL,1621176936
zhezkazgan,47.8043,67.7144,73.87,29,54,7.85,KZ,1621176941
the valley,18.217,-63.0578,84.9,70,20,14.97,AI,1621176946
khuzdar,27.7384,66.6434,74.34,40,99,1.03,PK,1621176952
prince george,53.9166,-122.753,51.71,93,90,2.3,CA,1621176957
hithadhoo,-0.6,73.0833,85.24,69,58,15.55,MV,1621176962
chagda,,,,,,,,
alotau,,,,,,,,
hermanus,-34.4187,19.2345,59,78,75,1.99,ZA,1621176978
chuy,-33.6971,-53.4616,62.17,53,100,3.71,UY,1621176983
makakilo city,21.3469,-158.0858,71.24,68,40,3.44,US,1621176988
bluff,-46.6,168.3333,42.01,81,100,5.99,NZ,1621176993
jamestown,42.097,-79.2353,60.75,47,1,8.05,US,1621176999
port elizabeth,-33.918,25.5701,60.8,67,0,27.63,ZA,1621177004
katsuura,35.1333,140.3,68.2,96,100,1.01,JP,1621177009
grand river south east,,,,,,,,
lebu,-37.6167,-73.65,55.76,59,42,5.3,CL,1621177019
krasnyy chikoy,50.3643,108.7512,46,79,53,0.51,RU,1621177025
new norfolk,-42.7826,147.0587,40.59,83,53,1.99,AU,1621177030
port lincoln,-34.7333,135.8667,57.52,69,73,5.37,AU,1621177035
castro,-24.7911,-50.0119,67.86,57,0,3.13,BR,1621177040
ilulissat,69.2167,-51.1,35.6,64,75,3.44,GL,1621177046
ialibu,-6.2821,143.9935,58.48,97,100,2.08,PG,1621177051
hilo,19.7297,-155.09,66.56,60,40,3.44,US,1621176834
goure,13.9835,10.2704,106,8,77,10,NE,1621177061
cherskiy,68.75,161.3,28.35,87,99,5.5,RU,1621177067
havoysund,70.9963,24.6622,33.8,100,75,10.36,NO,1621177072
deputatskiy,69.3,139.9,24.04,97,100,3.47,RU,1621177077
yuryev-polskiy,56.5,39.6833,65.57,73,41,11.77,RU,1621177082
saint-joseph,-21.3667,55.6167,74.57,73,0,3.44,RE,1621177088
bengkulu,-3.8004,102.2655,78.17,90,100,5.88,ID,1621177093
japura,-0.3167,102.35,76.19,97,100,3.38,ID,1621177098
lazarev,52.225,141.5131,34.05,83,13,6.71,RU,1621177103
georgetown,5.4112,100.3354,83.52,89,20,6.91,MY,1621176961
ushuaia,-54.8,-68.3,44.6,65,40,5.75,AR,1621177114
mao,39.8885,4.2658,77,50,0,10.36,ES,1621177119
westport,41.1415,-73.3579,68.92,45,1,6.91,US,1621176943
atuona,-9.8,-139.0333,78.87,67,2,15.95,PF,1621177129
eyl,7.9803,49.8164,90.72,53,100,19.08,SO,1621177134
dunedin,-45.8742,170.5036,44.01,84,51,1.99,NZ,1621177140
toktogul,41.8708,72.9402,60.48,44,4,3.02,KG,1621177145
lata,40.1629,-8.3327,67.32,94,75,8.05,PT,1621177150
quarai,-30.3875,-56.4514,67.6,56,100,2.42,BR,1621177156
longyearbyen,78.2186,15.6401,24.8,63,20,3.44,SJ,1621177161
caravelas,-17.7125,-39.2481,79.29,54,100,8.7,BR,1621177166
berea,41.3662,-81.8543,63.03,42,90,3.44,US,1621177093
ajdabiya,30.7554,20.2263,71.74,53,35,19.44,LY,1621177176
grand baie,-20.0182,57.5802,78.01,70,11,5.99,MU,1621177182
marsh harbour,26.5412,-77.0636,75.58,67,96,18.21,BS,1621177187
amapa,1,-52,76.6,84,100,2.91,BR,1621177192
turinskaya sloboda,57.6232,64.3858,81.07,29,67,10.11,RU,1621177197
yulara,-25.2406,130.9889,51.8,54,2,6.91,AU,1621177209
novouzensk,50.4592,48.1431,83.37,36,17,8.34,RU,1621177214
gijon,43.5357,-5.6615,61.86,59,100,8.99,ES,1621177020
middle island,40.8843,-72.9373,66.51,37,1,6.91,US,1621177225
misratah,32.3754,15.0925,75.04,42,0,11.61,LY,1621177230
shimoda,34.6667,138.95,65.03,91,100,7.96,JP,1621177235
klaksvik,62.2266,-6.589,50,81,75,11.5,FO,1621177241
kavaratti,10.5669,72.642,83.34,80,100,20.09,IN,1621177246
saint-leu,-21.15,55.2833,74.77,73,0,3.44,RE,1621177251
nizhneyansk,,,,,,,,
nikolskoye,59.7035,30.7861,62.42,52,40,11.18,RU,1621177262
yomitan,,,,,,,,
aswan,24.0934,32.907,104.36,7,0,17.38,EG,1621177272
acari,-15.4311,-74.6158,77.31,49,28,5.68,PE,1621177277
bubaque,11.2833,-15.8333,77.94,80,77,8.37,GW,1621177283
maniitsoq,65.4167,-52.9,34.83,85,60,9.31,GL,1621177288
ancud,-41.8697,-73.8203,47.59,100,90,4.61,CL,1621177293
attawapiskat,,,,,,,,
altay,47.8667,88.1167,59.79,43,65,4.85,CN,1621177304
sao filipe,14.8961,-24.4956,76.24,62,56,7.7,CV,1621177309
tsihombe,,,,,,,,
bud,39.447,-86.1758,62.33,72,75,3.44,US,1621177319
torbay,47.6666,-52.7314,43.09,81,90,21.85,CA,1621177324
barrow,71.2906,-156.7887,24.8,80,90,12.66,US,1621177330
kalmunai,7.4167,81.8167,84.13,73,84,3.98,LK,1621177335
cape town,-33.9258,18.4232,61.39,63,75,9.22,ZA,1621177340
den helder,52.9599,4.7593,55.15,82,75,10.36,NL,1621177346
brae,60.3964,-1.353,50,81,75,10.36,GB,1621177351
bolungarvik,,,,,,,,
homer,59.6425,-151.5483,37.49,93,40,5.91,US,1621177361
leningradskiy,69.3833,178.4167,27.91,94,100,7.65,RU,1621177366
mahebourg,-20.4081,57.7,78.01,70,17,5.99,MU,1621177372
urusha,54.05,122.9,42.28,66,72,6.15,RU,1621177377
tual,-5.6667,132.75,83.07,78,98,22.03,ID,1621177382
itarema,-2.9248,-39.9167,83.1,68,86,8.72,BR,1621177387
tasiilaq,65.6145,-37.6368,35.6,64,21,6.91,GL,1621177393
norman wells,65.282,-126.8329,41,65,75,16.11,CA,1621177398
tuatapere,-46.1333,167.6833,42.01,81,96,5.99,NZ,1621177403
barentsburg,,,,,,,,
marathon,44.9,-89.7668,59.38,63,20,6.91,US,1621177413
pevek,69.7008,170.3133,14.22,97,69,4.5,RU,1621177419
severo-kurilsk,50.6789,156.125,35.91,92,100,24.25,RU,1621177424
kodiak,57.79,-152.4072,37.4,93,90,3.44,US,1621177429
hasaki,35.7333,140.8333,69.93,100,75,9.22,JP,1621177435
sarangani,5.4033,125.4636,83.84,78,95,15.35,PH,1621177440
cap malheureux,-19.9842,57.6142,78.01,70,12,7,MU,1621177445
victoria,22.2855,114.1577,82.9,81,100,1.99,HK,1621177275
qostanay,53.1667,63.5833,86,17,75,17.9,KZ,1621177255
saint george,37.1041,-113.5841,72.73,15,1,14.97,US,1621177460
grindavik,63.8424,-22.4338,44.6,42,0,14.97,IS,1621177466
avarua,-21.2078,-159.775,75.2,78,20,5.75,CK,1621177471
inhambane,-23.865,35.3833,82.18,78,20,6.91,MZ,1621177476
san quintin,30.4833,-115.95,60.62,68,2,11.72,MX,1621177481
halalo,,,,,,,,
marcona,,,,,,,,
hervey bay,-25.2986,152.8535,55.99,77,31,3,AU,1621177497
west wendover,40.7391,-114.0733,60.8,44,1,6.17,US,1621177215
mar del plata,-38.0023,-57.5575,60.94,82,20,5.75,AR,1621177507
madison,34.7334,-86.5667,70.72,49,1,10.36,US,1621177512
port hedland,-20.3167,118.5667,64.4,72,0,6.91,AU,1621177518
ko samui,9.5357,99.9357,86.41,68,86,5.79,TH,1621177523
lavumisa,-27.31,31.892,86,37,0,12.66,SZ,1621177528
laguna,38.421,-121.4238,56.59,76,40,12.66,US,1621177533
ewa beach,21.3156,-158.0072,71.24,68,1,5.75,US,1621177539
umzimvubu,,,,,,,,
yarada,17.65,83.2667,86,84,20,5.75,IN,1621177549
astoria,46.1879,-123.8313,50.95,87,90,4.61,US,1621177554
shingu,33.7333,135.9833,73,94,100,3,JP,1621177560
coaldale,49.7167,-112.6185,57.29,47,75,8.05,CA,1621177565
west plains,36.7281,-91.8524,70.61,73,1,6.91,US,1621177570
lasa,46.6166,10.7002,59.7,76,40,4.61,IT,1621177575
calmar,53.2668,-113.8187,59,47,80,4.61,CA,1621177581
thongwa,16.7619,96.5278,86,70,40,6.91,MM,1621177586
faanui,-16.4833,-151.75,81.25,71,74,16.06,PF,1621177591
puerto penasco,31.3167,-113.5333,73,63,0,5.99,MX,1621177596
bandarbeyla,9.4942,50.8122,89.47,57,77,20.69,SO,1621177602
ponta do sol,32.6667,-17.1,73.38,50,20,23.02,PT,1621177607
belushya guba,,,,,,,,
sitka,57.0531,-135.33,42.8,81,90,8.05,US,1621177617
saldanha,-33.0117,17.9442,64.4,52,56,8.05,ZA,1621177622
morros,-9.4467,-46.3003,84.58,45,99,8.55,BR,1621177628
esso,55.9333,158.7,32.99,98,100,6.58,RU,1621177633
alofi,-19.0595,-169.9187,73.4,100,8,5.75,NU,1621177638
oshawa,43.9001,-78.8496,62.6,45,20,2.3,CA,1621177452
doka,13.5167,35.7667,98.11,20,32,9.75,SD,1621177649
east london,-33.0153,27.9116,62.6,67,20,16.11,ZA,1621177654
nanortalik,60.1432,-45.2371,37.51,73,85,3.71,GL,1621177659
harper,4.375,-7.7169,84.36,70,100,7.54,LR,1621177664
bambous virieux,-20.3428,57.7575,78.01,70,26,7,MU,1621177670
trojes,41.756,19.962,71.6,46,0,5.75,AL,1621177675
carballo,43.213,-8.691,61.34,64,80,10,ES,1621177452
vladivostok,43.1056,131.8735,51.8,82,100,6.69,RU,1621177434
lagoa,39.05,-27.9833,63.81,89,100,15.12,PT,1621177690
bethel,41.3712,-73.414,70.9,35,40,6.91,US,1621177695
kruisfontein,-34.0033,24.7314,61,59,1,7,ZA,1621177701
wasilla,61.5814,-149.4394,41.63,81,90,1.25,US,1621177690
pervomayskoye,43.919,46.7102,72.37,40,0,23.2,RU,1621177711
dingle,10.9995,122.6711,79.93,82,99,7.07,PH,1621177716
kiunga,-6.1219,141.2906,73.89,99,98,1.21,PG,1621177722
kyzyl-suu,42.3414,78.0056,45.41,47,94,5.19,KG,1621177727
manali,13.1667,80.2667,85.17,79,96,11.5,IN,1621177732
san patricio,28.017,-97.5169,78.03,78,40,10.36,US,1621177737
ribeira grande,38.5167,-28.7,66.2,94,75,16.11,PT,1621177743
shetpe,44.1667,52.1167,86.41,9,0,15.46,KZ,1621177748
awassa,7.05,38.4667,66.15,87,90,4.92,ET,1621177753
abu kamal,34.4506,40.9171,98.85,9,78,11.95,SY,1621177758
estevan,49.1334,-102.9842,65.75,39,1,8.05,CA,1621177745
kone,-21.0595,164.8658,70.84,88,41,4.92,NC,1621177769
kaeo,-35.1,173.7833,60.01,97,56,4,NZ,1621177774
vostok,46.4856,135.8833,46.15,77,100,4.52,RU,1621177779
chapais,49.7834,-74.8492,50,66,90,4.61,CA,1621177785
sulangan,11.1373,123.7228,84.31,76,100,13.4,PH,1621177790
coquimbo,-29.9533,-71.3436,59,82,0,5.75,CL,1621177539
noicattaro,41.0338,16.9896,72.41,47,99,9.15,IT,1621177800
baculin,7.4525,126.5842,79.32,82,54,6.33,PH,1621177805
mamakan,57.8161,114.0028,34.66,68,100,4.99,RU,1621177811
norrtalje,59.758,18.705,54.3,58,75,12.66,SE,1621177816
illoqqortoormiut,,,,,,,,
constitucion,-35.3333,-72.4167,60.1,55,72,3.33,CL,1621177817
sakakah,29.9697,40.2064,100.4,6,0,9.22,SA,1621177831
yakeshi,49.2833,120.7333,53.82,52,65,8.52,CN,1621177836
vila velha,-20.3297,-40.2925,77,69,75,4.61,BR,1621177580
jacareacanga,-6.2222,-57.7528,89.44,48,99,4.59,BR,1621177847
kenai,60.5544,-151.2583,38.43,93,90,4.09,US,1621177852
zheleznodorozhnyy,55.7503,38.0042,73.47,43,0,2.24,RU,1621177857
amderma,,,,,,,,
tubruq,,,,,,,,
todos santos,23.45,-110.2167,82.56,38,6,5.01,MX,1621177873
san cristobal,7.7669,-72.225,84.2,74,40,3.44,VE,1621177878
temiscaming,46.7212,-79.0971,64.4,34,82,2.3,CA,1621177883
wanning,18.8003,110.3967,81.37,91,10,7.49,CN,1621177888
kirakira,-10.4544,161.9205,80.74,82,35,7.31,SB,1621177894
saint-augustin,51.226,-58.6502,42.85,59,100,5.55,CA,1621177654
talnakh,69.4865,88.3972,21.61,96,100,5.1,RU,1621177904
tuktoyaktuk,69.4541,-133.0374,30.2,80,20,11.5,CA,1621177909
coihaique,-45.5752,-72.0662,41,87,75,6.91,CL,1621177915
santa rosa,14.3122,121.1114,85.32,66,20,10.36,PH,1621177920
mount isa,-20.7333,139.5,60.8,23,0,10.36,AU,1621177925
paamiut,61.994,-49.6678,37.36,53,14,8.93,GL,1621177930
baie-comeau,49.2168,-68.1489,51.8,62,75,8.05,CA,1621177936
cabo san lucas,22.8909,-109.9124,76.8,56,1,9.22,MX,1621177809
salur,18.5333,83.2167,86.2,66,5,6.08,IN,1621177946
basco,20.4487,121.9702,82.69,86,0,17.85,PH,1621177951
floro,61.5996,5.0328,50,87,75,12.66,NO,1621177956
esperance,-33.8667,121.9,55.4,67,99,10.36,AU,1621177962
darnah,32.767,22.6367,68.43,70,7,23.58,LY,1621177967
kazalinsk,,,,,,,,
portland,45.5234,-122.6762,54.97,76,1,3.44,US,1621177589
payson,40.0444,-111.7321,60.08,58,20,3.44,US,1621177880
fortuna,40.5982,-124.1573,47.62,100,90,3.02,US,1621177987
xanlar,40.5869,46.3158,80.6,21,20,9.22,AZ,1621177993
srednekolymsk,67.45,153.6833,24.35,94,15,4.59,RU,1621177998
chaa-khol,,,,,,,,
kaitangata,-46.2817,169.8464,41,77,75,4.83,NZ,1621178008
diphu,25.8333,93.4333,75.4,80,35,1.95,IN,1621178013
ust-nera,64.5667,143.2,38.84,75,95,4.79,RU,1621178019
huilong,31.8111,121.655,64.85,84,100,13.76,CN,1621178024
gat,31.61,34.7642,82.47,35,6,3,IL,1621177863
narsaq,60.9167,-46.05,50,14,20,6.91,GL,1621178034
vitoria,-20.3194,-40.3378,77,69,75,4.61,BR,1621178040
santarem,-2.4431,-54.7083,82.4,78,40,9.22,BR,1621177981
cockburn town,21.4612,-71.1419,79.72,76,12,10.29,TC,1621177899
mocuba,-16.8392,36.9856,75.83,63,3,3.67,MZ,1621178055
zhangye,38.9342,100.4517,59.72,37,100,7,CN,1621178060
berlevag,70.8578,29.0864,34.68,93,75,11.5,NO,1621178066
rajsamand,25.0667,73.8833,86.52,41,98,6.62,IN,1621178071
namatanai,-3.6667,152.4333,79.61,80,100,8.9,PG,1621178076
hirara,24.8,125.2833,79.74,91,95,16.73,JP,1621178081
monrovia,6.3005,-10.7969,86,79,75,9.22,LR,1621178034
lavrentiya,65.5833,-171,25.79,87,37,6.22,RU,1621178092
mansalay,12.5167,121.4,79.39,80,67,8.14,PH,1621178097
ardahan,41.1087,42.7022,59.68,67,76,4.99,TR,1621178102
ongole,15.5,80.05,86.47,76,53,16.49,IN,1621178109
hami,42.8,93.45,74.35,19,100,9.1,CN,1621178114
punuare,14.7333,-85.9667,86,48,75,4.38,HN,1621178120
aklavik,68.2191,-135.0107,32,93,75,5.75,CA,1621178125
torit,4.4133,32.5678,83.82,64,32,3.53,SS,1621178130
ngukurr,,,,,,,,
hamilton,39.1834,-84.5333,64.38,52,90,6.91,US,1621178139
jalu,29.0331,21.5482,88.86,12,4,16.82,LY,1621178145
atar,20.5169,-13.0499,101.79,9,72,5.82,MR,1621178151
padang,-0.9492,100.3543,75.2,100,75,5.75,ID,1621178156
dongkan,33.9997,119.8308,55.92,68,100,8.52,CN,1621178161
te anau,-45.4167,167.7167,40.87,88,86,4.27,NZ,1621178167
jining,35.405,116.5814,57.6,57,100,6.04,CN,1621178172
kitimat,54.0524,-128.6534,50,96,100,1.99,CA,1621178118
luena,-11.7833,19.9167,82.4,34,0,3.8,AO,1621178182
ravar,31.2656,56.8055,81.77,12,64,11.97,IR,1621178187
fairbanks,64.8378,-147.7164,43.57,87,90,4.61,US,1621178105
turmalina,-17.2856,-42.73,78.44,45,98,2.86,BR,1621178198
saleaula,,,,,,,,
upernavik,72.7868,-56.1549,32.09,93,100,9.31,GL,1621178208
tuy hoa,13.0833,109.3,81.09,89,24,2.26,VN,1621178213
mirador,-6.3708,-44.3631,86.88,51,97,8.08,BR,1621178219
coahuayana,18.7333,-103.6833,80.6,65,1,2.1,MX,1621178224
arman,59.7,150.1667,35.35,86,100,21.74,RU,1621178229
bathurst,-33.4166,149.5806,30.99,91,2,3.74,AU,1621178234
goderich,43.7501,-81.7165,55.4,58,94,6.91,CA,1621178240
grand gaube,-20.0064,57.6608,78.01,70,16,8.01,MU,1621178245
xingyi,24.1877,102.817,69.75,47,57,3.29,CN,1621178250
poum,-20.2333,164.0167,76.8,76,36,19.33,NC,1621178255
kilimatinde,-5.85,34.95,79,45,58,3.87,TZ,1621178261
garza garcia,25.6667,-100.4,69.71,83,90,3.76,MX,1621178266
mubi,10.2676,13.2644,93.34,31,100,6.08,NG,1621178271
pueblo,38.2545,-104.6091,60.26,72,1,4.61,US,1621178223
bekhtery,46.251,32.2927,66.2,77,75,11.18,UA,1621178282
medea,36.2642,2.7539,82.4,32,0,5.75,DZ,1621178287
yellowknife,62.456,-114.3525,28.87,74,75,10.36,CA,1621178292
divnomorskoye,44.5011,38.1353,75.24,75,23,2.95,RU,1621178297
maun,-19.9833,23.4167,84.2,23,0,4.61,BW,1621178303
ossora,59.2353,163.0719,31.1,94,100,4.74,RU,1621178308
cidreira,-30.1811,-50.2056,67.1,69,50,2.24,BR,1621178313
dikson,73.5069,80.5464,26.29,76,100,14.14,RU,1621178318
loukhi,66.0764,33.0381,45.5,81,100,3.94,RU,1621178324
lucapa,-8.4192,20.7447,84.6,41,28,3.87,AO,1621178329
pirapemas,-3.7267,-44.2233,86.72,58,92,4.79,BR,1621178334
ahuimanu,21.4447,-157.8378,71.56,73,90,12.66,US,1621178339
samarai,-10.6167,150.6667,80.96,82,99,7.05,PG,1621178345
opotiki,-38.0833,177.2833,55,99,100,4.38,NZ,1621178350
zachagansk,,,,,,,,
paraiso,9.8383,-83.8656,70.7,68,0,4.52,CR,1621178360
bathsheba,13.2167,-59.5167,86,54,75,21.85,BB,1621178366
santa ana,33.7456,-117.8678,57.54,82,90,5.75,US,1621178371
seymchan,62.8833,152.4333,34.47,88,100,4.21,RU,1621178376
at-bashi,41.1702,75.8106,48.88,35,6,2.71,KG,1621178381
yurimaguas,-5.9,-76.0833,78.8,89,40,1.01,PE,1621178387
reconquista,-29.15,-59.65,71.01,58,17,2.59,AR,1621178392
litovko,49.2361,135.1742,50.58,69,0,6.6,RU,1621178397
sur,22.5667,59.5289,87.71,54,26,3.27,OM,1621178403
shcholkine,,,,,,,,
hofn,64.2539,-15.2082,42.8,45,75,25.32,IS,1621178414
ahipara,-35.1667,173.1667,60.17,93,56,6.44,NZ,1621178419
moerai,-22.4333,-151.3333,76.86,76,99,14.5,PF,1621178424
port augusta,-32.5,137.7667,42.94,93,40,6.91,AU,1621178429
umm lajj,25.0213,37.2685,84.58,53,0,6.24,SA,1621178435
zhicheng,30.2956,111.5047,61,90,100,2.71,CN,1621178440
qui nhon,13.7667,109.2333,82.26,88,20,1.45,VN,1621178445
otukpo,7.1913,8.1329,88.11,56,88,5.97,NG,1621178451
palabuhanratu,,,,,,,,
itum-kale,42.7356,45.5758,73.44,42,2,6.82,RU,1621178461
surt,31.2089,16.5887,72.64,43,0,11.14,LY,1621178466
college,64.8569,-147.8028,43.32,76,75,3.44,US,1621178413
arosa,46.7779,9.6762,49.59,76,90,18.41,CH,1621178476
geraldton,-28.7667,114.6,64.4,68,99,10.36,AU,1621178482
kosonsoy,41.2561,71.5508,75.2,33,28,4.61,UZ,1621178487
mutsamudu,,,,,,,,
gornopravdinsk,60.05,69.9,63.68,65,58,3.49,RU,1621178497
bowen,-20.0167,148.2333,53.6,94,0,6.91,AU,1621178503
adrar,20.5022,-10.0711,103.86,9,42,5.32,MR,1621178508
sorong,-0.8833,131.25,79.34,86,100,5.35,ID,1621178513
atasu,48.6814,71.6433,67.21,53,61,4.03,KZ,1621178518
la palma,33.8464,-118.0467,58.1,100,90,5.84,US,1621178524
svetlyy,54.675,20.1347,61.12,63,75,13.42,RU,1621178529
laki,41.85,24.8167,62.6,77,40,6.91,BG,1621178534
carnarvon,-24.8667,113.6333,68,94,97,5.48,AU,1621178539
vestmannaeyjar,63.4427,-20.2734,42.8,61,75,6.91,IS,1621178545
kanniyakumari,8.0833,77.5667,81.86,77,100,15.46,IN,1621178362
aksha,50.2814,113.2867,50.92,57,63,3.76,RU,1621178555
flin flon,54.7682,-101.865,51.8,66,40,16.11,CA,1621178560
zhigansk,66.7697,123.3711,43.84,80,100,3.53,RU,1621178565
keti bandar,24.1447,67.4497,88.95,60,100,12.37,PK,1621178571
san gavino monreale,39.5514,8.7917,85.42,23,0,11.5,IT,1621178576
kalmar,56.6616,16.3616,51.8,94,90,5.75,SE,1621178581
yar-sale,66.8333,70.8333,27.16,85,15,8.41,RU,1621178586
manakara,-22.1333,48.0167,74.35,79,1,7.9,MG,1621178592
moose factory,51.2585,-80.6094,41,81,20,3.44,CA,1621178597
kapit,2.0167,112.9333,75.69,98,100,0.27,MY,1621178602
soyo,-6.1349,12.3689,86,70,20,8.05,AO,1621178607
tolga,34.7222,5.3785,93.2,18,0,3.44,DZ,1621178613
bloomington,44.8408,-93.2983,59.36,82,90,6.91,US,1621178322
gurskoye,,,,,,,,
coolum beach,-26.5333,153.1,49.57,92,2,1.01,AU,1621178628
pangody,65.85,74.4859,43.47,47,88,5.03,RU,1621178633
awbari,26.5921,12.7805,99.48,9,0,10.36,LY,1621178639
cimarron hills,38.8586,-104.6989,59.05,67,40,9.22,US,1621178644
puerto narino,-3.7703,-70.3831,84.2,79,75,5.75,CO,1621178649
yabrud,33.9674,36.6574,78.98,12,0,20.71,SY,1621178654
frutal,-20.0247,-48.9406,85.26,32,44,4.27,BR,1621178660
minot,48.2325,-101.2963,72.64,27,1,8.05,US,1621178665
manama,26.2154,50.5832,95,26,0,2.3,BH,1621178670
urucara,-2.5364,-57.76,82.89,76,79,6.38,BR,1621178675
gurgan,,,,,,,,
polunochnoye,60.8697,60.4153,73.24,49,42,6.44,RU,1621178686
walvis bay,-22.9575,14.5053,75.2,46,0,13.8,NA,1621178691
san joaquin,37.9333,-121.3011,57.72,82,75,5.75,US,1621178696
ayr,55.4627,-4.6339,57.2,58,40,8.05,GB,1621178702
nampula,-15.1165,39.2666,79.39,61,40,6.91,MZ,1621178707
bonthe,7.5264,-12.505,88.11,62,48,11.16,SL,1621178712
shawnee,39.05,-95.7669,59.2,96,100,1.01,US,1621178717
simao,22.7886,100.9748,69.73,54,74,1.72,CN,1621178723
codrington,-38.2667,141.9667,54.45,81,100,16.11,AU,1621178728
sergeyevka,53.88,67.4158,79.2,33,52,7.49,KZ,1621178733
pisco,-13.7,-76.2167,64.65,88,90,5.75,PE,1621178738
lakatoro,-16.0999,167.4164,79.66,84,14,6.82,VU,1621178744
kushiro,42.975,144.3747,46.31,99,100,8.21,JP,1621178749
bilma,18.6853,12.9164,108.46,5,0,3.31,NE,1621178754
kushima,31.4583,131.2333,73,100,100,8.01,JP,1621178759
ankazobe,-18.3167,47.1167,62.6,82,20,8.05,MG,1621178765
aguilas,37.4063,-1.5829,88.12,21,0,5.99,ES,1621178770
solnechnyy,50.7214,136.6319,43.79,73,20,4.12,RU,1621178775
ruatoria,,,,,,,,
mana,5.6592,-53.7767,81.41,82,100,7.61,GF,1621178786
saint-pierre,-21.3393,55.4781,74.1,73,0,2.3,RE,1621178791
alice springs,-23.7,133.8833,42.8,56,0,3.44,AU,1621178796
wanaka,-44.7,169.15,37.65,82,42,4.38,NZ,1621178801
biscarrosse,44.3945,-1.1672,60.8,67,90,16.11,FR,1621178807
matara,5.9485,80.5353,80.64,86,79,7.45,LK,1621178812
hunza,,,,,,,,
vardo,70.3705,31.1107,34.7,93,75,18.41,NO,1621178823
shahpur,16.7,76.8333,78.19,78,100,11.36,IN,1621178828
barawe,,,,,,,,
sayat,38.7839,63.8803,86,14,0,11.5,TM,1621178838
hay river,60.8156,-115.7999,33.8,93,100,4.61,CA,1621178844
kununurra,-15.7667,128.7333,57.2,77,50,7.72,AU,1621178849
boyolangu,-8.1181,111.8935,76.35,86,66,4.18,ID,1621178775
shache,38.4167,77.2406,68.07,29,63,6.17,CN,1621178859
virginia beach,36.8529,-75.978,69.17,33,90,4.61,US,1621178749
wamba,8.9333,8.6,93.4,45,66,8.99,NG,1621178869
tura,25.5198,90.2201,74.91,85,26,4.52,IN,1621178875
ada,43.4166,-116.1262,63.01,42,1,4.61,US,1621178880
gatehouse of fleet,54.882,-4.1843,46.99,87,99,1.23,GB,1621178885
baturaja,-4.1333,104.1667,75,98,100,2.33,ID,1621178891
zlobin,45.2924,14.6541,56.73,82,75,11.5,HR,1621178896
touros,-5.1989,-35.4608,86,62,40,11.5,BR,1621178901
kimbe,-5.5502,150.1429,76.98,92,100,4.56,PG,1621178906
mangai,-4.05,19.5333,85.3,60,100,1.57,CD,1621178722
budila,45.6667,25.8,62.49,65,34,1.43,RO,1621178917
guacimo,10.2104,-83.6807,70.57,68,0,4.25,CR,1621178922
elko,41.0002,-115.5012,54.91,58,100,5.01,US,1621178927
beyneu,45.3167,55.2,84.83,12,0,19.28,KZ,1621178932
magistralnyy,56.1725,107.4458,39.09,45,100,3.04,RU,1621178938
andilamena,-17.0167,48.5833,61.23,89,19,6.02,MG,1621178943
muisne,0.6,-80.0333,78.8,94,90,4.61,EC,1621178948
tazovskiy,67.4667,78.7,19.4,90,8,5.41,RU,1621178953
boundiali,9.5217,-6.4869,99.54,27,76,6.04,CI,1621178959
omboue,-1.5746,9.2618,78.67,88,100,3.6,GA,1621178964
tuquerres,1.0923,-77.6209,49.84,91,100,3.53,CO,1621178969
guiren,33.6697,118.1889,56.93,69,100,10.18,CN,1621178974
balaipungut,1.05,101.2833,80.6,89,20,5.75,ID,1621178980
whitianga,-36.8333,175.7,62.01,93,100,3,NZ,1621178985
beringovskiy,63.05,179.3167,26.8,96,100,2.93,RU,1621178990
verkhoyansk,67.5447,133.385,44.67,52,2,3.22,RU,1621178995
acapulco,16.8634,-99.8901,86,62,40,4.61,MX,1621179001
wanxian,30.8039,108.3897,65.59,93,100,3.6,CN,1621179006
guadalajara,20.6667,-103.3333,71.62,46,1,4.61,MX,1621178852
freeport,40.6576,-73.5832,66.94,43,1,9.22,US,1621178782
carnduff,49.1667,-101.8009,70,38,32,4,CA,1621179021
bilibino,68.0546,166.4372,16.21,94,62,4.45,RU,1621179027
zhangjiakou,40.81,114.8794,59.36,26,59,3.44,CN,1621179032
nome,64.5011,-165.4064,33.39,64,1,5.75,US,1621179037
viksoyri,,,,,,,,
kamenka,51.3223,42.7678,72.68,59,80,5.14,RU,1621179048
novo selo,41.4139,22.8811,70.16,57,32,8.9,MK,1621179053
olafsvik,64.8945,-23.7142,39.54,55,76,21.39,IS,1621179058
alihe,50.5667,123.7167,49.75,51,29,3.58,CN,1621178937
husavik,66.0449,-17.3389,37.4,56,90,8.05,IS,1621179068
richards bay,-28.783,32.0377,71.11,77,25,12.66,ZA,1621179074
mankono,8.0586,-6.1897,96.08,35,90,4.32,CI,1621179079
rena,61.1348,11.3641,51.01,75,99,1.01,NO,1621179084
dawei,14.0833,98.2,80.53,88,56,0.76,MM,1621179089
haibowan,,,,,,,,
palmer,42.1584,-72.3287,72.63,28,40,9.22,US,1621179100
rocha,-34.4833,-54.3333,63.9,48,100,2.1,UY,1621179002
evensk,61.95,159.2333,30.94,91,100,8.41,RU,1621179110
santiago de cao,-7.9589,-79.2392,68,77,75,10.36,PE,1621179115
sobolevo,54.4299,31.8996,63.95,77,71,3.83,RU,1621179121
kloulklubed,7.0419,134.2556,78.8,94,90,5.75,PW,1621179126
buckeye,33.3703,-112.5838,76.26,31,0,5.75,US,1621179131
ilo,-17.6394,-71.3375,68.31,74,19,6.6,PE,1621179136
kudahuvadhoo,2.6708,72.8944,84.52,76,100,16.13,MV,1621179142
jinchengjiang,,,,,,,,
kavieng,-2.5744,150.7967,82.94,80,82,14.97,PG,1621179152
tukrah,32.5341,20.5791,68.04,68,10,11.45,LY,1621179157
pangoa,-12.1167,-73,81.23,60,55,2.1,PE,1621179162
taltal,-25.4,-70.4833,68.77,67,43,3.8,CL,1621179168
labuhan,-6.8844,112.2051,78.01,83,20,6.29,ID,1621179173
erdenet,49.0333,104.0833,53.37,40,16,3.74,MN,1621178965
besikduzu,41.052,39.2284,62.6,72,0,8.05,TR,1621179183
coxim,-18.5067,-54.76,94.6,25,31,2.95,BR,1621179189
bo phloi,14.3236,99.5161,86.02,68,93,3.94,TH,1621179194
antri,26.0567,78.2144,97.5,25,94,4.12,IN,1621179199
henties bay,-22.116,14.2845,64.76,76,24,12.3,NA,1621179204
sentyabrskiy,,,,,,,,
dogondoutchi,13.6393,4.0287,109.45,9,23,15.3,NE,1621179215
yeppoon,-23.1333,150.7333,53.6,50,2,4.61,AU,1621179220
tekkalakota,,,,,,,,
black river,18.0264,-77.8487,85.6,66,20,12.66,JM,1621179230
totma,59.9747,42.7642,62.89,74,15,8.88,RU,1621179236
boa vista,2.8197,-60.6733,78.8,83,90,9.22,BR,1621179241
teguise,29.0605,-13.564,77,61,20,24.16,ES,1621179246
khandbari,27.3747,87.2039,72.86,62,93,3.69,NP,1621179251
mehamn,71.0357,27.8492,35.6,87,90,9.22,NO,1621179257
luderitz,-26.6481,15.1594,64.71,73,2,16.67,NA,1621179262
flinders,-34.5833,150.8552,53.15,56,0,8.99,AU,1621179267
ngaoundere,7.3167,13.5833,71.53,84,100,4.29,CM,1621179272
tazmalt,36.3868,4.3989,93.33,19,0,8.66,DZ,1621179278
tagusao,9.1924,117.8141,81.19,84,86,4.92,PH,1621179283
port arthur,38.8,121.2667,58.6,63,0,4.47,CN,1621179288
doctor pedro p. pena,,,,,,,,
aripuana,-9.1667,-60.6333,87.31,49,88,3.04,BR,1621179298
buala,-8.145,159.5921,80.92,82,33,8.1,SB,1621179304
clyde river,70.4692,-68.5914,14,62,20,3.44,CA,1621179309
mandan,46.8267,-100.8896,70.16,49,1,16.11,US,1621179314
tessalit,20.1986,1.0114,109.42,7,24,9.42,ML,1621179320
marsa matruh,31.3525,27.2453,71.6,64,40,18.41,EG,1621179325
sault sainte marie,46.5168,-84.3333,60.22,55,20,9.75,CA,1621179101
nemuro,43.3236,145.575,45.95,99,100,20.69,JP,1621179335
talaya,61.3833,152.75,29.71,87,100,3.53,RU,1621179340
kuvandyk,51.4781,57.3552,72.16,39,42,3.56,RU,1621179346
warqla,,,,,,,,
tabas,33.5959,56.9244,85.06,11,0,3.71,IR,1621179356
karratha,-20.7377,116.8463,73.76,51,0,5.1,AU,1621179267
nabire,-3.3667,135.4833,77.81,91,100,1.79,ID,1621179366
englewood,39.6478,-104.9878,56.95,76,90,9.22,US,1621179210
barbar,,,,,,,,
rovaniemi,66.5,25.7167,59,58,75,6.91,FI,1621179382
alpena,45.0617,-83.4327,59.52,45,20,5.75,US,1621179387
high rock,26.6208,-78.2833,82.4,54,75,11.5,BS,1621179392
luganville,-15.5333,167.1667,78.04,87,17,1.61,VU,1621179397
kayalpattinam,8.5667,78.1167,84.65,67,63,8.95,IN,1621179403
orbetello,42.4408,11.2196,62.08,82,40,20.71,IT,1621179172
nola,40.922,14.5329,68.31,68,40,10.36,IT,1621179413
guerrero negro,27.9769,-114.0611,63.59,62,44,14.16,MX,1621179418
talawdi,,,,,,,,
dillon,34.4166,-79.3712,75.85,27,1,3.44,US,1621179429
araouane,18.9048,-3.5265,112.05,6,64,9.55,ML,1621179434
byron bay,-28.65,153.6167,48.47,93,0,3.44,AU,1621179439
pingzhuang,42.0372,119.2889,57.72,20,76,3.85,CN,1621179444
warwick,41.7001,-71.4162,73.8,25,75,6.91,US,1621179168
xining,36.6167,101.7667,47.8,60,100,10.51,CN,1621179455
saint andrews,34.0454,-81.1293,77.77,38,40,9.22,US,1621179460
mackay,-21.15,149.2,50.67,87,0,4.61,AU,1621179465
port hawkesbury,45.6169,-61.3485,46.8,66,90,10.36,CA,1621179278
mazamari,-11.3258,-74.5308,81.48,64,85,2.44,PE,1621179476
devils lake,48.1128,-98.8651,70.43,40,1,16.11,US,1621179481
tabiauea,,,,,,,,
saint-georges,12.0564,-61.7485,84.2,70,20,23.02,GD,1621179491
ondjiva,-17.0667,15.7333,86,23,0,4.61,AO,1621179496
sorland,67.667,12.6934,59,51,0,5.75,NO,1621179502
andenes,69.3143,16.1194,44.6,81,75,16.11,NO,1621179507
kyshtovka,56.555,76.6271,60.01,83,52,7.09,RU,1621179512
inirida,3.8653,-67.9239,77.49,93,95,1.68,CO,1621179517
aykhal,66,111.5,14.65,93,100,25.37,RU,1621179523
lokosovo,61.1333,74.8167,47.86,74,100,4.79,RU,1621179528
tonekabon,36.8163,50.8738,71.6,83,20,9.22,IR,1621179533
kahului,20.8947,-156.47,65.64,78,20,6.91,US,1621179483
udachnyy,66.4167,112.4,16.68,93,100,19.84,RU,1621179544
bealanana,-14.55,48.7333,60.31,96,4,2.01,MG,1621179549
ndola,-12.9587,28.6366,66.22,52,7,1.5,ZM,1621179554
cap-aux-meules,47.3821,-61.8597,50,66,57,10.36,CA,1621179559
naze,28.3667,129.4833,73.18,89,81,12.91,JP,1621179565
sept-iles,50.2001,-66.3821,48.65,61,75,14.97,CA,1621179570
la ronge,55.1001,-105.2842,45.5,65,99,10.36,CA,1621179575
jieshi,22.8134,115.8257,81.72,85,46,9.71,CN,1621179580
lazaro cardenas,17.9583,-102.2,87.53,54,8,5.41,MX,1621179586
el reno,35.5323,-97.955,66.74,94,90,13.8,US,1621179474
paita,-5.0892,-81.1144,71.6,78,75,13.8,PE,1621179596
dongsheng,39.8161,109.9776,54.77,30,3,8.43,CN,1621179601
bababe,,,,,,,,
sao joao da barra,-21.6403,-41.0511,78.8,61,75,8.43,BR,1621179612
fochville,-26.4886,27.4939,67.93,21,0,5.75,ZA,1621179617
novosmolinskiy,56.2841,43.0507,77,38,20,6.71,RU,1621179622
nizhniye sergi,56.6614,59.3033,69.58,48,6,5.1,RU,1621179627
glowno,51.9646,19.7157,60.93,59,20,9.22,PL,1621179633
aden,12.7794,45.0367,86.76,59,48,34,YE,1621179638
havelock,34.8791,-76.9013,69.93,52,1,5.75,US,1621179643
ukiah,39.1502,-123.2078,57.45,82,90,5.75,US,1621179648
halifax,44.6453,-63.5724,61.93,51,40,12.66,CA,1621179620
dolbeau,,,,,,,,
rimouski,48.4488,-68.524,50.9,87,70,3.44,CA,1621179625
lardos,36.0942,28.0157,71.8,73,20,14.97,GR,1621179669
waingapu,-9.6567,120.2641,75.81,76,10,10.76,ID,1621179674
strelka,58.0728,93.0344,38.86,55,40,3.85,RU,1621179679
lisala,2.15,21.5167,81.9,66,81,3.18,CD,1621179670
lakselv,70.0513,24.9718,37.4,93,75,5.75,NO,1621179690
mendeleyevsk,55.9082,52.2905,84.2,23,0,6.71,RU,1621179695
marawi,7.9986,124.2928,82,82,96,0.98,PH,1621179700
miles city,46.4083,-105.8406,59,63,1,5.75,US,1621179705
mount gambier,-37.8333,140.7667,51.8,93,40,11.5,AU,1621179711
karaul,,,,,,,,
mamallapuram,12.6264,80.1722,85.08,79,20,5.75,IN,1621179721
westpunt,,,,,,,,
pasni,25.2631,63.471,84.02,77,4,8.03,PK,1621179731
victor harbor,-35.5667,138.6167,55.99,79,56,8.1,AU,1621179737
nalut,30.3333,10.85,94.96,8,92,7.87,LY,1621179742
yaroslavskiy,44.1683,132.2072,55.99,59,100,1.83,RU,1621179747
curuguaty,-24.4694,-55.6945,84.38,36,0,3.24,PY,1621179752
evanston,42.0411,-87.6901,66.33,48,40,3.44,US,1621179758
mococa,-21.4678,-47.0047,71.08,68,75,6.8,BR,1621179763
paracuru,-3.41,-39.0306,82.99,68,95,17,BR,1621179768
gravdal,68.1214,13.5031,59,51,0,5.75,NO,1621179773
mayor pablo lagerenza,-19.9309,-60.7718,84.45,41,100,5.75,PY,1621179779
anadyr,64.75,177.4833,35.6,69,0,11.18,RU,1621179784
mezen,65.8522,44.24,55.89,70,100,8.93,RU,1621179789
avanigadda,16.0215,80.9181,84.2,84,20,3.44,IN,1621179794
puerto carreno,6.189,-67.4859,84.74,69,69,8.23,CO,1621179800
phan rang,,,,,,,,
aldan,58.6031,125.3894,34.11,91,100,11.27,RU,1621179810
finschhafen,-6.6024,147.8681,80.35,78,100,7.92,PG,1621179815
berdigestyakh,62.0989,126.6992,43.45,96,99,3.02,RU,1621179794
san martin,-33.081,-68.4681,60.8,59,40,5.75,AR,1621179826
mabaruma,8.2,-59.7833,87.01,53,90,5.26,GY,1621179831
eureka,40.8021,-124.1637,47.32,93,90,4.61,US,1621179836
spring hill,28.4769,-82.5255,80.53,41,1,11.5,US,1621179841
nushki,29.5542,66.0215,84.63,12,4,8.41,PK,1621179847
eskasem,,,,,,,,
tavda,58.0425,65.2726,74.39,40,53,6.85,RU,1621179857
matagami,49.7502,-77.6328,64.4,45,20,10.36,CA,1621179862
yaan,7.3833,8.5667,88.29,56,84,7.96,NG,1621179867
rudnya,54.947,31.0934,71.6,43,20,6.71,RU,1621179873
sayyan,15.1718,44.3244,65.53,53,95,4.63,YE,1621179878
